bairro,renda_media_responsavel_2022,ranking_renda,fonte,link
Aerolândia,1606.55,101,IPECE Informe 272 / Censo IBGE 2022,https://www.ipece.ce.gov.br/wp-content/uploads/sites/45/2025/08/ipece_informe_272_05_ago2025.pdf
Aeroporto,1560.2,106,IPECE Informe 272 / Censo IBGE 2022,https://www.ipece.ce.gov.br/wp-content/uploads/sites/45/2025/08/ipece_informe_272_05_ago2025.pdf
Aldeota,10572.06,5,IPECE Informe 272 / Censo IBGE 2022,https://www.ipece.ce.gov.br/wp-content/uploads/sites/45/2025/08/ipece_informe_272_05_ago2025.pdf
Alto da Balança,1739.54,91,IPECE Informe 272 / Censo IBGE 2022,https://www.ipece.ce.gov.br/wp-content/uploads/sites/45/2025/08/ipece_informe_272_05_ago2025.pdf
Álvaro Weyne,2176.09,65,IPECE Informe 272 / Censo IBGE 2022,https://www.ipece.ce.gov.br/wp-content/uploads/sites/45/2025/08/ipece_informe_272_05_ago2025.pdf
Amadeu Furtado,3660.3,30,IPECE Informe 272 / Censo IBGE 2022,https://www.ipece.ce.gov.br/wp-content/uploads/sites/45/2025/08/ipece_informe_272_05_ago2025.pdf
Ancuri,1404.11,116,IPECE Informe 272 / Censo IBGE 2022,https://www.ipece.ce.gov.br/wp-content/uploads/sites/45/2025/08/ipece_informe_272_05_ago2025.pdf
Antônio Bezerra,2165.14,67,IPECE Informe 272 / Censo IBGE 2022,https://www.ipece.ce.gov.br/wp-content/uploads/sites/45/2025/08/ipece_informe_272_05_ago2025.pdf
Aracapé,1668.0,93,IPECE Informe 272 / Censo IBGE 2022,https://www.ipece.ce.gov.br/wp-content/uploads/sites/45/2025/08/ipece_informe_272_05_ago2025.pdf
Autran Nunes,1428.04,113,IPECE Informe 272 / Censo IBGE 2022,https://www.ipece.ce.gov.br/wp-content/uploads/sites/45/2025/08/ipece_informe_272_05_ago2025.pdf
Barra do Ceará,1606.63,100,IPECE Informe 272 / Censo IBGE 2022,https://www.ipece.ce.gov.br/wp-content/uploads/sites/45/2025/08/ipece_informe_272_05_ago2025.pdf
Barroso,1567.15,104,IPECE Informe 272 / Censo IBGE 2022,https://www.ipece.ce.gov.br/wp-content/uploads/sites/45/2025/08/ipece_informe_272_05_ago2025.pdf
Bela Vista,2163.64,68,IPECE Informe 272 / Censo IBGE 2022,https://www.ipece.ce.gov.br/wp-content/uploads/sites/45/2025/08/ipece_informe_272_05_ago2025.pdf
Benfica,5693.63,16,IPECE Informe 272 / Censo IBGE 2022,https://www.ipece.ce.gov.br/wp-content/uploads/sites/45/2025/08/ipece_informe_272_05_ago2025.pdf
Boa Vista / Castelão,2388.03,56,IPECE Informe 272 / Censo IBGE 2022,https://www.ipece.ce.gov.br/wp-content/uploads/sites/45/2025/08/ipece_informe_272_05_ago2025.pdf
Bom Futuro,3414.66,35,IPECE Informe 272 / Censo IBGE 2022,https://www.ipece.ce.gov.br/wp-content/uploads/sites/45/2025/08/ipece_informe_272_05_ago2025.pdf
Bom Jardim,1342.03,120,IPECE Informe 272 / Censo IBGE 2022,https://www.ipece.ce.gov.br/wp-content/uploads/sites/45/2025/08/ipece_informe_272_05_ago2025.pdf
Bonsucesso,1643.32,96,IPECE Informe 272 / Censo IBGE 2022,https://www.ipece.ce.gov.br/wp-content/uploads/sites/45/2025/08/ipece_informe_272_05_ago2025.pdf
Cais do Porto,1440.15,112,IPECE Informe 272 / Censo IBGE 2022,https://www.ipece.ce.gov.br/wp-content/uploads/sites/45/2025/08/ipece_informe_272_05_ago2025.pdf
Cajazeiras,2759.79,51,IPECE Informe 272 / Censo IBGE 2022,https://www.ipece.ce.gov.br/wp-content/uploads/sites/45/2025/08/ipece_informe_272_05_ago2025.pdf
Cambeba,7488.94,10,IPECE Informe 272 / Censo IBGE 2022,https://www.ipece.ce.gov.br/wp-content/uploads/sites/45/2025/08/ipece_informe_272_05_ago2025.pdf
Canindezinho,1343.37,119,IPECE Informe 272 / Censo IBGE 2022,https://www.ipece.ce.gov.br/wp-content/uploads/sites/45/2025/08/ipece_informe_272_05_ago2025.pdf
Carlito Pamplona,1822.87,85,IPECE Informe 272 / Censo IBGE 2022,https://www.ipece.ce.gov.br/wp-content/uploads/sites/45/2025/08/ipece_informe_272_05_ago2025.pdf
Centro,4192.28,26,IPECE Informe 272 / Censo IBGE 2022,https://www.ipece.ce.gov.br/wp-content/uploads/sites/45/2025/08/ipece_informe_272_05_ago2025.pdf
Cidade 2000,3382.89,36,IPECE Informe 272 / Censo IBGE 2022,https://www.ipece.ce.gov.br/wp-content/uploads/sites/45/2025/08/ipece_informe_272_05_ago2025.pdf
Cidade dos Funcionários,4774.82,21,IPECE Informe 272 / Censo IBGE 2022,https://www.ipece.ce.gov.br/wp-content/uploads/sites/45/2025/08/ipece_informe_272_05_ago2025.pdf
Coaçu,2068.26,72,IPECE Informe 272 / Censo IBGE 2022,https://www.ipece.ce.gov.br/wp-content/uploads/sites/45/2025/08/ipece_informe_272_05_ago2025.pdf
Cocó,13372.43,2,IPECE Informe 272 / Censo IBGE 2022,https://www.ipece.ce.gov.br/wp-content/uploads/sites/45/2025/08/ipece_informe_272_05_ago2025.pdf
Conjunto Ceará I,2505.8,55,IPECE Informe 272 / Censo IBGE 2022,https://www.ipece.ce.gov.br/wp-content/uploads/sites/45/2025/08/ipece_informe_272_05_ago2025.pdf
Conjunto Ceará II,2194.22,62,IPECE Informe 272 / Censo IBGE 2022,https://www.ipece.ce.gov.br/wp-content/uploads/sites/45/2025/08/ipece_informe_272_05_ago2025.pdf
Conjunto Esperança,1794.34,87,IPECE Informe 272 / Censo IBGE 2022,https://www.ipece.ce.gov.br/wp-content/uploads/sites/45/2025/08/ipece_informe_272_05_ago2025.pdf
Conjunto Palmeiras,1357.92,118,IPECE Informe 272 / Censo IBGE 2022,https://www.ipece.ce.gov.br/wp-content/uploads/sites/45/2025/08/ipece_informe_272_05_ago2025.pdf
Couto Fernandes,1964.89,76,IPECE Informe 272 / Censo IBGE 2022,https://www.ipece.ce.gov.br/wp-content/uploads/sites/45/2025/08/ipece_informe_272_05_ago2025.pdf
Cristo Redentor,1647.41,94,IPECE Informe 272 / Censo IBGE 2022,https://www.ipece.ce.gov.br/wp-content/uploads/sites/45/2025/08/ipece_informe_272_05_ago2025.pdf
Curió,2103.38,71,IPECE Informe 272 / Censo IBGE 2022,https://www.ipece.ce.gov.br/wp-content/uploads/sites/45/2025/08/ipece_informe_272_05_ago2025.pdf
Damas,4249.97,24,IPECE Informe 272 / Censo IBGE 2022,https://www.ipece.ce.gov.br/wp-content/uploads/sites/45/2025/08/ipece_informe_272_05_ago2025.pdf
De Lourdes,12383.27,3,IPECE Informe 272 / Censo IBGE 2022,https://www.ipece.ce.gov.br/wp-content/uploads/sites/45/2025/08/ipece_informe_272_05_ago2025.pdf
Demócrito Rocha,2174.53,66,IPECE Informe 272 / Censo IBGE 2022,https://www.ipece.ce.gov.br/wp-content/uploads/sites/45/2025/08/ipece_informe_272_05_ago2025.pdf
Dendê (Rachel de Queiroz),3107.82,40,IPECE Informe 272 / Censo IBGE 2022,https://www.ipece.ce.gov.br/wp-content/uploads/sites/45/2025/08/ipece_informe_272_05_ago2025.pdf
Dias Macedo,1647.12,95,IPECE Informe 272 / Censo IBGE 2022,https://www.ipece.ce.gov.br/wp-content/uploads/sites/45/2025/08/ipece_informe_272_05_ago2025.pdf
Dionísio Torres,10489.85,6,IPECE Informe 272 / Censo IBGE 2022,https://www.ipece.ce.gov.br/wp-content/uploads/sites/45/2025/08/ipece_informe_272_05_ago2025.pdf
Dom Lustosa,2016.42,74,IPECE Informe 272 / Censo IBGE 2022,https://www.ipece.ce.gov.br/wp-content/uploads/sites/45/2025/08/ipece_informe_272_05_ago2025.pdf
Edson Queiroz,3868.77,29,IPECE Informe 272 / Censo IBGE 2022,https://www.ipece.ce.gov.br/wp-content/uploads/sites/45/2025/08/ipece_informe_272_05_ago2025.pdf
Ellery,2695.79,52,IPECE Informe 272 / Censo IBGE 2022,https://www.ipece.ce.gov.br/wp-content/uploads/sites/45/2025/08/ipece_informe_272_05_ago2025.pdf
Engenheiro Luciano Cavalcante,7003.12,12,IPECE Informe 272 / Censo IBGE 2022,https://www.ipece.ce.gov.br/wp-content/uploads/sites/45/2025/08/ipece_informe_272_05_ago2025.pdf
Farias Brito,2962.88,45,IPECE Informe 272 / Censo IBGE 2022,https://www.ipece.ce.gov.br/wp-content/uploads/sites/45/2025/08/ipece_informe_272_05_ago2025.pdf
Fátima,7408.88,11,IPECE Informe 272 / Censo IBGE 2022,https://www.ipece.ce.gov.br/wp-content/uploads/sites/45/2025/08/ipece_informe_272_05_ago2025.pdf
Floresta,1507.12,109,IPECE Informe 272 / Censo IBGE 2022,https://www.ipece.ce.gov.br/wp-content/uploads/sites/45/2025/08/ipece_informe_272_05_ago2025.pdf
Genibaú,1272.25,121,IPECE Informe 272 / Censo IBGE 2022,https://www.ipece.ce.gov.br/wp-content/uploads/sites/45/2025/08/ipece_informe_272_05_ago2025.pdf
Granja Lisboa,1404.64,115,IPECE Informe 272 / Censo IBGE 2022,https://www.ipece.ce.gov.br/wp-content/uploads/sites/45/2025/08/ipece_informe_272_05_ago2025.pdf
Granja Portugal,1475.71,110,IPECE Informe 272 / Censo IBGE 2022,https://www.ipece.ce.gov.br/wp-content/uploads/sites/45/2025/08/ipece_informe_272_05_ago2025.pdf
Guajeru,2259.41,58,IPECE Informe 272 / Censo IBGE 2022,https://www.ipece.ce.gov.br/wp-content/uploads/sites/45/2025/08/ipece_informe_272_05_ago2025.pdf
Guararapes,14775.21,1,IPECE Informe 272 / Censo IBGE 2022,https://www.ipece.ce.gov.br/wp-content/uploads/sites/45/2025/08/ipece_informe_272_05_ago2025.pdf
Henrique Jorge,2245.68,59,IPECE Informe 272 / Censo IBGE 2022,https://www.ipece.ce.gov.br/wp-content/uploads/sites/45/2025/08/ipece_informe_272_05_ago2025.pdf
Itaoca,2186.75,63,IPECE Informe 272 / Censo IBGE 2022,https://www.ipece.ce.gov.br/wp-content/uploads/sites/45/2025/08/ipece_informe_272_05_ago2025.pdf
Itaperi,2989.39,43,IPECE Informe 272 / Censo IBGE 2022,https://www.ipece.ce.gov.br/wp-content/uploads/sites/45/2025/08/ipece_informe_272_05_ago2025.pdf
Jacarecanga,4012.54,28,IPECE Informe 272 / Censo IBGE 2022,https://www.ipece.ce.gov.br/wp-content/uploads/sites/45/2025/08/ipece_informe_272_05_ago2025.pdf
Jangurussu,1691.16,92,IPECE Informe 272 / Censo IBGE 2022,https://www.ipece.ce.gov.br/wp-content/uploads/sites/45/2025/08/ipece_informe_272_05_ago2025.pdf
Jardim América,3583.6,31,IPECE Informe 272 / Censo IBGE 2022,https://www.ipece.ce.gov.br/wp-content/uploads/sites/45/2025/08/ipece_informe_272_05_ago2025.pdf
Jardim Cearense,2973.13,44,IPECE Informe 272 / Censo IBGE 2022,https://www.ipece.ce.gov.br/wp-content/uploads/sites/45/2025/08/ipece_informe_272_05_ago2025.pdf
Jardim das Oliveiras,1806.71,86,IPECE Informe 272 / Censo IBGE 2022,https://www.ipece.ce.gov.br/wp-content/uploads/sites/45/2025/08/ipece_informe_272_05_ago2025.pdf
Jardim Guanabara,1914.5,81,IPECE Informe 272 / Censo IBGE 2022,https://www.ipece.ce.gov.br/wp-content/uploads/sites/45/2025/08/ipece_informe_272_05_ago2025.pdf
Jardim Iracema,1632.38,98,IPECE Informe 272 / Censo IBGE 2022,https://www.ipece.ce.gov.br/wp-content/uploads/sites/45/2025/08/ipece_informe_272_05_ago2025.pdf
João XXIII,1918.43,80,IPECE Informe 272 / Censo IBGE 2022,https://www.ipece.ce.gov.br/wp-content/uploads/sites/45/2025/08/ipece_informe_272_05_ago2025.pdf
Joaquim Távora,4989.02,19,IPECE Informe 272 / Censo IBGE 2022,https://www.ipece.ce.gov.br/wp-content/uploads/sites/45/2025/08/ipece_informe_272_05_ago2025.pdf
Jóquei Clube,3059.4,42,IPECE Informe 272 / Censo IBGE 2022,https://www.ipece.ce.gov.br/wp-content/uploads/sites/45/2025/08/ipece_informe_272_05_ago2025.pdf
José Bonifácio,4645.42,23,IPECE Informe 272 / Censo IBGE 2022,https://www.ipece.ce.gov.br/wp-content/uploads/sites/45/2025/08/ipece_informe_272_05_ago2025.pdf
José de Alencar,4854.98,20,IPECE Informe 272 / Censo IBGE 2022,https://www.ipece.ce.gov.br/wp-content/uploads/sites/45/2025/08/ipece_informe_272_05_ago2025.pdf
Lagoa Redonda,2147.56,70,IPECE Informe 272 / Censo IBGE 2022,https://www.ipece.ce.gov.br/wp-content/uploads/sites/45/2025/08/ipece_informe_272_05_ago2025.pdf
Manoel Sátiro,1770.9,89,IPECE Informe 272 / Censo IBGE 2022,https://www.ipece.ce.gov.br/wp-content/uploads/sites/45/2025/08/ipece_informe_272_05_ago2025.pdf
Manuel Dias Branco,4113.55,27,IPECE Informe 272 / Censo IBGE 2022,https://www.ipece.ce.gov.br/wp-content/uploads/sites/45/2025/08/ipece_informe_272_05_ago2025.pdf
Maraponga,3550.24,32,IPECE Informe 272 / Censo IBGE 2022,https://www.ipece.ce.gov.br/wp-content/uploads/sites/45/2025/08/ipece_informe_272_05_ago2025.pdf
Meireles,12148.1,4,IPECE Informe 272 / Censo IBGE 2022,https://www.ipece.ce.gov.br/wp-content/uploads/sites/45/2025/08/ipece_informe_272_05_ago2025.pdf
Messejana,2854.13,47,IPECE Informe 272 / Censo IBGE 2022,https://www.ipece.ce.gov.br/wp-content/uploads/sites/45/2025/08/ipece_informe_272_05_ago2025.pdf
Mondubim,2377.15,57,IPECE Informe 272 / Censo IBGE 2022,https://www.ipece.ce.gov.br/wp-content/uploads/sites/45/2025/08/ipece_informe_272_05_ago2025.pdf
Monte Castelo,2800.77,49,IPECE Informe 272 / Censo IBGE 2022,https://www.ipece.ce.gov.br/wp-content/uploads/sites/45/2025/08/ipece_informe_272_05_ago2025.pdf
Montese,2770.84,50,IPECE Informe 272 / Censo IBGE 2022,https://www.ipece.ce.gov.br/wp-content/uploads/sites/45/2025/08/ipece_informe_272_05_ago2025.pdf
Moura Brasil,1535.84,107,IPECE Informe 272 / Censo IBGE 2022,https://www.ipece.ce.gov.br/wp-content/uploads/sites/45/2025/08/ipece_informe_272_05_ago2025.pdf
Mucuripe,8100.2,8,IPECE Informe 272 / Censo IBGE 2022,https://www.ipece.ce.gov.br/wp-content/uploads/sites/45/2025/08/ipece_informe_272_05_ago2025.pdf
Novo Mondubim,1919.44,79,IPECE Informe 272 / Censo IBGE 2022,https://www.ipece.ce.gov.br/wp-content/uploads/sites/45/2025/08/ipece_informe_272_05_ago2025.pdf
Olavo Oliveira,1580.91,103,IPECE Informe 272 / Censo IBGE 2022,https://www.ipece.ce.gov.br/wp-content/uploads/sites/45/2025/08/ipece_informe_272_05_ago2025.pdf
Padre Andrade,2177.08,64,IPECE Informe 272 / Censo IBGE 2022,https://www.ipece.ce.gov.br/wp-content/uploads/sites/45/2025/08/ipece_informe_272_05_ago2025.pdf
Panamericano,2063.16,73,IPECE Informe 272 / Censo IBGE 2022,https://www.ipece.ce.gov.br/wp-content/uploads/sites/45/2025/08/ipece_informe_272_05_ago2025.pdf
Papicu,6387.14,14,IPECE Informe 272 / Censo IBGE 2022,https://www.ipece.ce.gov.br/wp-content/uploads/sites/45/2025/08/ipece_informe_272_05_ago2025.pdf
Parangaba,2620.58,54,IPECE Informe 272 / Censo IBGE 2022,https://www.ipece.ce.gov.br/wp-content/uploads/sites/45/2025/08/ipece_informe_272_05_ago2025.pdf
Parque Araxá,3080.68,41,IPECE Informe 272 / Censo IBGE 2022,https://www.ipece.ce.gov.br/wp-content/uploads/sites/45/2025/08/ipece_informe_272_05_ago2025.pdf
Parque Dois Irmãos,2229.66,61,IPECE Informe 272 / Censo IBGE 2022,https://www.ipece.ce.gov.br/wp-content/uploads/sites/45/2025/08/ipece_informe_272_05_ago2025.pdf
Parque Iracema,8211.16,7,IPECE Informe 272 / Censo IBGE 2022,https://www.ipece.ce.gov.br/wp-content/uploads/sites/45/2025/08/ipece_informe_272_05_ago2025.pdf
Parque Manibura,5186.83,18,IPECE Informe 272 / Censo IBGE 2022,https://www.ipece.ce.gov.br/wp-content/uploads/sites/45/2025/08/ipece_informe_272_05_ago2025.pdf
Parque Presidente Vargas,1381.01,117,IPECE Informe 272 / Censo IBGE 2022,https://www.ipece.ce.gov.br/wp-content/uploads/sites/45/2025/08/ipece_informe_272_05_ago2025.pdf
Parque Santa Maria,1760.55,90,IPECE Informe 272 / Censo IBGE 2022,https://www.ipece.ce.gov.br/wp-content/uploads/sites/45/2025/08/ipece_informe_272_05_ago2025.pdf
Parque Santa Rosa,1631.19,99,IPECE Informe 272 / Censo IBGE 2022,https://www.ipece.ce.gov.br/wp-content/uploads/sites/45/2025/08/ipece_informe_272_05_ago2025.pdf
Parque São José,1513.25,108,IPECE Informe 272 / Censo IBGE 2022,https://www.ipece.ce.gov.br/wp-content/uploads/sites/45/2025/08/ipece_informe_272_05_ago2025.pdf
Parquelândia,4206.72,25,IPECE Informe 272 / Censo IBGE 2022,https://www.ipece.ce.gov.br/wp-content/uploads/sites/45/2025/08/ipece_informe_272_05_ago2025.pdf
Parreão,4676.25,22,IPECE Informe 272 / Censo IBGE 2022,https://www.ipece.ce.gov.br/wp-content/uploads/sites/45/2025/08/ipece_informe_272_05_ago2025.pdf
Passaré,2807.27,48,IPECE Informe 272 / Censo IBGE 2022,https://www.ipece.ce.gov.br/wp-content/uploads/sites/45/2025/08/ipece_informe_272_05_ago2025.pdf
Paupina,1859.75,84,IPECE Informe 272 / Censo IBGE 2022,https://www.ipece.ce.gov.br/wp-content/uploads/sites/45/2025/08/ipece_informe_272_05_ago2025.pdf
Pedras,1580.95,102,IPECE Informe 272 / Censo IBGE 2022,https://www.ipece.ce.gov.br/wp-content/uploads/sites/45/2025/08/ipece_informe_272_05_ago2025.pdf
Pici,1861.75,83,IPECE Informe 272 / Censo IBGE 2022,https://www.ipece.ce.gov.br/wp-content/uploads/sites/45/2025/08/ipece_informe_272_05_ago2025.pdf
Pirambu,1405.69,114,IPECE Informe 272 / Censo IBGE 2022,https://www.ipece.ce.gov.br/wp-content/uploads/sites/45/2025/08/ipece_informe_272_05_ago2025.pdf
Planalto Ayrton Senna,1565.45,105,IPECE Informe 272 / Censo IBGE 2022,https://www.ipece.ce.gov.br/wp-content/uploads/sites/45/2025/08/ipece_informe_272_05_ago2025.pdf
Praia de Iracema,6541.06,13,IPECE Informe 272 / Censo IBGE 2022,https://www.ipece.ce.gov.br/wp-content/uploads/sites/45/2025/08/ipece_informe_272_05_ago2025.pdf
Praia do Futuro I,3488.82,33,IPECE Informe 272 / Censo IBGE 2022,https://www.ipece.ce.gov.br/wp-content/uploads/sites/45/2025/08/ipece_informe_272_05_ago2025.pdf
Praia do Futuro II,1945.49,78,IPECE Informe 272 / Censo IBGE 2022,https://www.ipece.ce.gov.br/wp-content/uploads/sites/45/2025/08/ipece_informe_272_05_ago2025.pdf
Prefeito José Walter,2003.26,75,IPECE Informe 272 / Censo IBGE 2022,https://www.ipece.ce.gov.br/wp-content/uploads/sites/45/2025/08/ipece_informe_272_05_ago2025.pdf
Presidente Kennedy,3381.93,37,IPECE Informe 272 / Censo IBGE 2022,https://www.ipece.ce.gov.br/wp-content/uploads/sites/45/2025/08/ipece_informe_272_05_ago2025.pdf
Quintino Cunha,1636.15,97,IPECE Informe 272 / Censo IBGE 2022,https://www.ipece.ce.gov.br/wp-content/uploads/sites/45/2025/08/ipece_informe_272_05_ago2025.pdf
Rodolfo Teófilo,2915.06,46,IPECE Informe 272 / Censo IBGE 2022,https://www.ipece.ce.gov.br/wp-content/uploads/sites/45/2025/08/ipece_informe_272_05_ago2025.pdf
Sabiaguaba,2629.56,53,IPECE Informe 272 / Censo IBGE 2022,https://www.ipece.ce.gov.br/wp-content/uploads/sites/45/2025/08/ipece_informe_272_05_ago2025.pdf
Salinas,6295.21,15,IPECE Informe 272 / Censo IBGE 2022,https://www.ipece.ce.gov.br/wp-content/uploads/sites/45/2025/08/ipece_informe_272_05_ago2025.pdf
São Bento,2157.68,69,IPECE Informe 272 / Censo IBGE 2022,https://www.ipece.ce.gov.br/wp-content/uploads/sites/45/2025/08/ipece_informe_272_05_ago2025.pdf
São Gerardo,5344.28,17,IPECE Informe 272 / Censo IBGE 2022,https://www.ipece.ce.gov.br/wp-content/uploads/sites/45/2025/08/ipece_informe_272_05_ago2025.pdf
São João do Tauape,3486.64,34,IPECE Informe 272 / Censo IBGE 2022,https://www.ipece.ce.gov.br/wp-content/uploads/sites/45/2025/08/ipece_informe_272_05_ago2025.pdf
Sapiranga / Coité,3335.9,38,IPECE Informe 272 / Censo IBGE 2022,https://www.ipece.ce.gov.br/wp-content/uploads/sites/45/2025/08/ipece_informe_272_05_ago2025.pdf
Serrinha,1794.06,88,IPECE Informe 272 / Censo IBGE 2022,https://www.ipece.ce.gov.br/wp-content/uploads/sites/45/2025/08/ipece_informe_272_05_ago2025.pdf
Siqueira,1460.33,111,IPECE Informe 272 / Censo IBGE 2022,https://www.ipece.ce.gov.br/wp-content/uploads/sites/45/2025/08/ipece_informe_272_05_ago2025.pdf
Varjota,8044.75,9,IPECE Informe 272 / Censo IBGE 2022,https://www.ipece.ce.gov.br/wp-content/uploads/sites/45/2025/08/ipece_informe_272_05_ago2025.pdf
Vicente Pinzón,2241.61,60,IPECE Informe 272 / Censo IBGE 2022,https://www.ipece.ce.gov.br/wp-content/uploads/sites/45/2025/08/ipece_informe_272_05_ago2025.pdf
Vila Peri,1882.42,82,IPECE Informe 272 / Censo IBGE 2022,https://www.ipece.ce.gov.br/wp-content/uploads/sites/45/2025/08/ipece_informe_272_05_ago2025.pdf
Vila União,3332.63,39,IPECE Informe 272 / Censo IBGE 2022,https://www.ipece.ce.gov.br/wp-content/uploads/sites/45/2025/08/ipece_informe_272_05_ago2025.pdf
Vila Velha,1960.13,77,IPECE Informe 272 / Censo IBGE 2022,https://www.ipece.ce.gov.br/wp-content/uploads/sites/45/2025/08/ipece_informe_272_05_ago2025.pdf
